state,ip,prefixlength
reserved,0.0.0.0,8
reserved,10.0.0.0,8
reserved,41.57.113.0,24
reserved,41.57.114.0,23
reserved,41.57.116.0,22
reserved,41.57.124.0,22
reserved,41.57.192.0,18
reserved,41.67.192.0,18
reserved,41.72.0.0,18
reserved,41.72.64.0,19
reserved,41.72.224.0,19
reserved,41.73.64.0,19
reserved,41.74.32.0,20
reserved,41.74.224.0,20
reserved,41.75.224.0,19
reserved,41.76.24.0,21
reserved,41.76.48.0,21
reserved,41.76.64.0,21
reserved,41.76.88.0,21
reserved,41.76.120.0,21
reserved,41.77.64.0,21
reserved,41.77.120.0,21
reserved,41.77.176.0,21
reserved,41.77.192.0,21
reserved,41.77.208.0,21
reserved,41.77.224.0,21
reserved,41.77.240.0,21
reserved,41.78.0.0,22
reserved,41.78.32.0,22
reserved,41.78.40.0,22
reserved,41.78.60.0,22
reserved,41.78.96.0,22
reserved,41.78.112.0,22
reserved,41.78.164.0,22
reserved,41.78.204.0,22
reserved,41.79.40.0,22
reserved,41.79.52.0,22
reserved,41.79.128.0,22
reserved,41.79.144.0,22
reserved,41.79.164.0,22
reserved,41.86.64.0,19
reserved,41.88.0.0,16
reserved,41.92.136.0,21
reserved,41.92.144.0,21
reserved,41.92.160.0,20
reserved,41.92.176.0,22
reserved,41.92.188.0,22
reserved,41.92.192.0,22
reserved,41.92.204.0,22
reserved,41.92.220.0,22
reserved,41.92.225.0,24
reserved,41.92.226.0,23
reserved,41.92.228.0,22
reserved,41.92.232.0,21
reserved,41.92.240.0,21
reserved,41.93.128.0,17
reserved,41.138.0.0,19
reserved,41.138.192.0,20
reserved,41.139.0.0,18
reserved,41.190.64.0,22
reserved,41.190.72.0,21
reserved,41.191.160.0,19
reserved,41.191.240.0,21
reserved,41.191.252.0,22
reserved,41.202.0.0,19
reserved,41.202.128.0,19
reserved,41.205.224.0,19
reserved,41.207.228.0,22
reserved,41.209.192.0,18
reserved,41.210.64.0,18
reserved,41.211.0.0,19
reserved,41.216.232.0,22
reserved,41.217.128.0,20
reserved,41.217.144.0,22
reserved,41.217.152.0,21
reserved,41.220.48.0,20
reserved,41.220.192.0,20
reserved,41.222.24.0,21
reserved,41.222.220.0,22
reserved,41.222.240.0,21
reserved,41.223.16.0,22
reserved,41.223.88.0,21
reserved,41.223.112.0,22
reserved,41.223.176.0,22
reserved,41.242.8.0,21
reserved,41.242.32.0,21
reserved,41.242.84.0,22
reserved,41.242.92.0,22
reserved,41.242.120.0,22
reserved,41.242.128.0,22
reserved,41.245.128.0,17
reserved,45.220.32.0,20
reserved,45.220.50.0,23
reserved,45.221.20.0,22
reserved,45.221.28.0,22
reserved,80.88.6.0,24
reserved,81.4.0.0,18
reserved,81.26.64.0,21
reserved,82.128.0.0,17
reserved,100.64.0.0,10
reserved,102.22.84.0,22
reserved,102.23.64.0,20
reserved,102.23.100.0,22
reserved,102.23.104.0,21
reserved,102.23.124.0,22
reserved,102.36.128.0,22
reserved,102.36.188.0,22
reserved,102.36.194.0,23
reserved,102.36.232.0,22
reserved,102.36.244.0,22
reserved,102.64.80.0,21
reserved,102.68.23.0,24
reserved,102.68.52.0,22
reserved,102.68.88.0,21
reserved,102.68.127.0,24
reserved,102.68.140.0,24
reserved,102.68.184.0,22
reserved,102.128.64.0,21
reserved,102.128.72.0,22
reserved,102.128.188.0,22
reserved,102.129.0.0,19
reserved,102.130.8.0,22
reserved,102.130.56.0,22
reserved,102.130.98.0,23
reserved,102.131.0.0,20
reserved,102.131.17.0,24
reserved,102.131.24.0,22
reserved,102.132.84.0,22
reserved,102.132.88.0,21
reserved,102.134.76.0,22
reserved,102.140.104.0,21
reserved,102.140.120.0,21
reserved,102.141.216.0,21
reserved,102.141.228.0,22
reserved,102.177.76.0,22
reserved,102.177.88.0,21
reserved,102.177.96.0,22
reserved,102.177.200.0,21
reserved,102.177.208.0,20
reserved,102.177.224.0,19
reserved,102.181.224.0,19
reserved,102.183.0.0,16
reserved,102.212.88.0,21
reserved,102.212.96.0,20
reserved,102.212.112.0,22
reserved,102.212.132.0,22
reserved,102.212.136.0,21
reserved,102.212.152.0,22
reserved,102.212.172.0,24
reserved,102.212.174.0,23
reserved,102.212.176.0,21
reserved,102.212.188.0,22
reserved,102.212.228.0,22
reserved,102.212.252.0,22
reserved,102.213.12.0,22
reserved,102.213.16.0,23
reserved,102.213.40.0,22
reserved,102.213.244.0,22
reserved,102.218.96.0,23
reserved,102.218.168.0,22
reserved,102.218.248.0,22
reserved,102.219.128.0,22
reserved,102.219.244.0,22
reserved,102.220.0.0,22
reserved,102.220.136.0,22
reserved,102.220.242.0,23
reserved,102.221.104.0,22
reserved,102.221.144.0,22
reserved,102.222.24.0,24
reserved,102.222.26.0,24
reserved,102.222.32.0,22
reserved,102.222.52.0,22
reserved,102.222.60.0,24
reserved,102.222.224.0,22
reserved,102.222.238.0,23
reserved,102.222.254.0,24
reserved,102.223.60.0,23
reserved,102.223.108.0,23
reserved,102.223.112.0,23
reserved,102.223.152.0,23
reserved,102.223.172.0,24
reserved,102.223.244.0,22
reserved,102.224.0.0,12
reserved,105.178.128.0,17
reserved,105.179.32.0,19
reserved,105.179.64.0,18
reserved,105.179.128.0,17
reserved,127.0.0.0,8
reserved,129.205.80.0,20
reserved,137.171.0.0,16
reserved,154.0.64.0,18
reserved,154.65.40.0,21
reserved,154.65.48.0,22
reserved,154.66.84.0,22
reserved,154.66.100.0,22
reserved,154.70.64.0,20
reserved,154.70.156.0,22
reserved,154.70.196.0,22
reserved,154.72.28.0,22
reserved,154.73.12.0,22
reserved,154.73.76.0,22
reserved,154.73.116.0,22
reserved,154.73.144.0,21
reserved,154.73.176.0,22
reserved,154.73.200.0,21
reserved,154.73.236.0,22
reserved,154.115.144.0,21
reserved,154.115.152.0,22
reserved,154.117.0.0,18
reserved,154.118.232.0,21
reserved,154.118.248.0,22
reserved,154.127.96.0,20
reserved,155.11.0.0,16
reserved,155.12.192.0,19
reserved,155.255.0.0,16
reserved,156.0.84.0,22
reserved,156.0.220.0,22
reserved,156.0.240.0,22
reserved,156.0.254.0,24
reserved,156.38.0.0,22
reserved,160.0.224.0,19
reserved,160.19.60.0,22
reserved,160.19.192.0,22
reserved,160.19.236.0,22
reserved,160.20.252.0,22
reserved,160.119.104.0,22
reserved,160.181.0.0,16
reserved,160.184.0.0,16
reserved,160.226.188.0,22
reserved,160.255.0.0,16
reserved,164.160.12.0,22
reserved,164.160.28.0,22
reserved,164.160.56.0,22
reserved,164.160.96.0,22
reserved,164.160.112.0,22
reserved,164.160.128.0,22
reserved,164.160.152.0,21
reserved,164.160.160.0,20
reserved,164.160.188.0,22
reserved,164.160.200.0,21
reserved,164.160.208.0,20
reserved,165.52.0.0,14
reserved,165.73.144.0,20
reserved,168.211.0.0,16
reserved,169.239.48.0,21
reserved,169.239.56.0,22
reserved,169.239.88.0,22
reserved,169.239.144.0,22
reserved,169.239.172.0,22
reserved,169.254.0.0,16
reserved,169.255.8.0,24
reserved,169.255.10.0,23
reserved,169.255.92.0,22
reserved,169.255.96.0,21
reserved,169.255.108.0,22
reserved,169.255.140.0,22
reserved,169.255.200.0,22
reserved,169.255.212.0,22
reserved,169.255.224.0,22
reserved,172.16.0.0,12
reserved,192.0.0.0,24
reserved,192.0.2.0,24
reserved,192.31.196.0,24
reserved,192.52.193.0,24
reserved,192.83.212.0,22
reserved,192.88.99.0,24
reserved,192.145.164.0,22
reserved,192.168.0.0,16
reserved,192.175.48.0,24
reserved,193.188.7.0,24
reserved,193.189.64.0,23
reserved,193.189.128.0,24
reserved,193.194.1.0,24
reserved,193.194.2.0,23
reserved,193.194.4.0,23
reserved,194.6.224.0,24
reserved,196.1.26.0,23
reserved,196.1.52.0,22
reserved,196.1.71.0,24
reserved,196.2.224.0,19
reserved,196.3.57.0,24
reserved,196.6.120.0,24
reserved,196.6.176.0,21
reserved,196.6.186.0,23
reserved,196.6.192.0,22
reserved,196.6.199.0,24
reserved,196.6.226.0,24
reserved,196.6.230.0,24
reserved,196.10.51.0,24
reserved,196.10.56.0,22
reserved,196.10.60.0,24
reserved,196.10.100.0,24
reserved,196.10.140.0,24
reserved,196.10.147.0,24
reserved,196.10.252.0,22
reserved,196.11.75.0,24
reserved,196.11.150.0,23
reserved,196.11.250.0,23
reserved,196.13.102.0,24
reserved,196.13.106.0,24
reserved,196.13.201.0,24
reserved,196.13.203.0,24
reserved,196.20.32.0,19
reserved,196.22.12.0,22
reserved,196.28.9.0,24
reserved,196.29.96.0,19
reserved,196.32.16.0,20
reserved,196.32.200.0,21
reserved,196.41.64.0,24
reserved,196.41.66.0,24
reserved,196.41.69.0,24
reserved,196.41.70.0,23
reserved,196.41.74.0,24
reserved,196.41.78.0,23
reserved,196.41.82.0,24
reserved,196.41.91.0,24
reserved,196.41.92.0,23
reserved,196.42.128.0,17
reserved,196.43.193.0,24
reserved,196.43.198.0,24
reserved,196.43.200.0,24
reserved,196.43.204.0,24
reserved,196.43.216.0,24
reserved,196.43.218.0,24
reserved,196.43.222.0,24
reserved,196.43.224.0,24
reserved,196.43.238.0,24
reserved,196.43.244.0,24
reserved,196.43.250.0,24
reserved,196.43.252.0,24
reserved,196.43.254.0,23
reserved,196.45.112.0,20
reserved,196.46.18.0,23
reserved,196.46.26.0,24
reserved,196.46.29.0,24
reserved,196.46.112.0,22
reserved,196.46.152.0,21
reserved,196.46.248.0,21
reserved,196.49.21.0,24
reserved,196.49.23.0,24
reserved,196.49.25.0,24
reserved,196.49.27.0,24
reserved,196.49.29.0,24
reserved,196.49.31.0,24
reserved,196.49.33.0,24
reserved,196.49.35.0,24
reserved,196.49.36.0,23
reserved,196.49.39.0,24
reserved,196.49.41.0,24
reserved,196.49.43.0,24
reserved,196.49.45.0,24
reserved,196.49.47.0,24
reserved,196.49.49.0,24
reserved,196.49.51.0,24
reserved,196.49.53.0,24
reserved,196.49.55.0,24
reserved,196.49.57.0,24
reserved,196.49.59.0,24
reserved,196.49.61.0,24
reserved,196.49.63.0,24
reserved,196.49.65.0,24
reserved,196.49.67.0,24
reserved,196.49.70.0,23
reserved,196.49.73.0,24
reserved,196.49.75.0,24
reserved,196.49.78.0,23
reserved,196.49.80.0,23
reserved,196.49.83.0,24
reserved,196.49.85.0,24
reserved,196.49.87.0,24
reserved,196.49.89.0,24
reserved,196.49.91.0,24
reserved,196.49.93.0,24
reserved,196.49.95.0,24
reserved,196.49.97.0,24
reserved,196.49.98.0,23
reserved,196.49.100.0,22
reserved,196.49.104.0,21
reserved,196.49.112.0,20
reserved,196.49.128.0,17
reserved,196.50.21.0,24
reserved,196.52.0.0,14
reserved,196.60.1.0,24
reserved,196.60.3.0,24
reserved,196.60.5.0,24
reserved,196.60.13.0,24
reserved,196.60.15.0,24
reserved,196.60.16.0,20
reserved,196.60.32.0,22
reserved,196.60.37.0,24
reserved,196.60.39.0,24
reserved,196.60.41.0,24
reserved,196.60.43.0,24
reserved,196.60.45.0,24
reserved,196.60.47.0,24
reserved,196.60.49.0,24
reserved,196.60.51.0,24
reserved,196.60.53.0,24
reserved,196.60.55.0,24
reserved,196.60.57.0,24
reserved,196.60.59.0,24
reserved,196.60.60.0,24
reserved,196.60.62.0,23
reserved,196.60.65.0,24
reserved,196.60.67.0,24
reserved,196.60.69.0,24
reserved,196.60.72.0,23
reserved,196.60.75.0,24
reserved,196.60.77.0,24
reserved,196.60.79.0,24
reserved,196.60.81.0,24
reserved,196.60.83.0,24
reserved,196.60.85.0,24
reserved,196.60.87.0,24
reserved,196.60.91.0,24
reserved,196.60.93.0,24
reserved,196.60.95.0,24
reserved,196.60.98.0,23
reserved,196.60.100.0,22
reserved,196.60.105.0,24
reserved,196.60.107.0,24
reserved,196.60.109.0,24
reserved,196.60.111.0,24
reserved,196.60.113.0,24
reserved,196.60.115.0,24
reserved,196.60.116.0,22
reserved,196.60.120.0,21
reserved,196.60.128.0,17
reserved,196.61.0.0,22
reserved,196.62.0.0,15
reserved,196.160.0.0,13
reserved,196.192.192.0,18
reserved,196.193.0.0,16
reserved,196.194.0.0,15
reserved,196.202.224.0,21
reserved,196.207.64.0,18
reserved,196.216.0.0,24
reserved,196.216.196.0,22
reserved,196.216.232.0,23
reserved,196.220.208.0,20
reserved,196.246.0.0,16
reserved,196.250.160.0,20
reserved,196.250.248.0,22
reserved,197.148.224.0,19
reserved,197.149.156.0,22
reserved,197.149.188.0,22
reserved,197.157.200.0,22
reserved,197.157.224.0,22
reserved,197.158.128.0,18
reserved,197.159.80.0,21
reserved,197.159.112.0,20
reserved,197.220.192.0,18
reserved,197.231.136.0,21
reserved,197.255.248.0,22
reserved,198.18.0.0,15
reserved,198.51.100.0,24
reserved,203.0.113.0,24
reserved,212.12.224.0,19
reserved,212.122.224.0,19
reserved,213.147.64.0,19
reserved,213.150.96.0,19
reserved,213.247.0.0,19
reserved,217.78.64.0,20
reserved,224.0.0.0,8
reserved,225.0.0.0,8
reserved,226.0.0.0,8
reserved,227.0.0.0,8
reserved,228.0.0.0,8
reserved,229.0.0.0,8
reserved,230.0.0.0,8
reserved,231.0.0.0,8
reserved,232.0.0.0,8
reserved,233.0.0.0,8
reserved,234.0.0.0,8
reserved,235.0.0.0,8
reserved,236.0.0.0,8
reserved,237.0.0.0,8
reserved,238.0.0.0,8
reserved,239.0.0.0,8
reserved,240.0.0.0,8
reserved,241.0.0.0,8
reserved,242.0.0.0,8
reserved,243.0.0.0,8
reserved,244.0.0.0,8
reserved,245.0.0.0,8
reserved,246.0.0.0,8
reserved,247.0.0.0,8
reserved,248.0.0.0,8
reserved,249.0.0.0,8
reserved,250.0.0.0,8
reserved,251.0.0.0,8
reserved,252.0.0.0,8
reserved,253.0.0.0,8
reserved,254.0.0.0,8
reserved,255.0.0.0,8
allocated,41.0.0.0,8
allocated,45.96.0.0,12
allocated,45.192.0.0,12
allocated,45.208.0.0,13
allocated,45.216.0.0,14
allocated,45.220.0.0,15
allocated,45.222.0.0,16
allocated,45.240.0.0,13
allocated,66.251.128.0,18
allocated,102.0.0.0,8
allocated,105.0.0.0,8
allocated,139.26.0.0,16
allocated,146.196.128.0,17
allocated,154.0.0.0,12
allocated,154.16.0.0,16
allocated,154.17.0.0,16
allocated,154.18.0.0,15
allocated,154.20.0.0,14
allocated,154.24.0.0,13
allocated,154.32.0.0,11
allocated,154.64.0.0,10
allocated,154.128.0.0,9
allocated,160.19.36.0,22
allocated,160.19.60.0,22
allocated,160.19.96.0,21
allocated,160.19.112.0,20
allocated,160.19.128.0,20
allocated,160.19.152.0,22
allocated,160.19.188.0,22
allocated,160.19.192.0,21
allocated,160.19.232.0,21
allocated,160.20.24.0,21
allocated,160.20.112.0,22
allocated,160.20.213.0,24
allocated,160.20.217.0,24
allocated,160.20.221.0,24
allocated,160.20.226.0,23
allocated,160.20.252.0,22
allocated,160.238.11.0,24
allocated,160.238.48.0,23
allocated,160.238.50.0,24
allocated,160.238.57.0,24
allocated,160.238.101.0,24
allocated,161.123.0.0,16
allocated,164.160.0.0,16
allocated,192.12.110.0,23
allocated,192.12.116.0,23
allocated,192.47.36.0,24
allocated,192.51.240.0,24
allocated,192.70.200.0,23
allocated,192.75.236.0,24
allocated,192.83.208.0,21
allocated,192.91.200.0,24
allocated,192.142.0.0,15
allocated,192.145.128.0,18
allocated,192.145.230.0,24
allocated,196.0.0.0,8
allocated,197.0.0.0,8
allocated,204.8.204.0,22
allocated,208.85.156.0,22
allocated,1.0.0.0,8
allocated,14.0.0.0,8
allocated,27.0.0.0,8
allocated,36.0.0.0,8
allocated,39.0.0.0,8
allocated,42.0.0.0,8
allocated,43.0.0.0,9
allocated,43.128.0.0,10
allocated,43.192.0.0,11
allocated,43.224.0.0,13
allocated,43.232.0.0,14
allocated,43.236.0.0,14
allocated,43.240.0.0,14
allocated,43.244.0.0,16
allocated,43.245.0.0,16
allocated,43.246.0.0,15
allocated,43.248.0.0,14
allocated,43.252.0.0,16
allocated,43.253.0.0,16
allocated,43.254.0.0,15
allocated,45.64.0.0,16
allocated,45.65.0.0,20
allocated,45.65.16.0,20
allocated,45.65.32.0,19
allocated,45.112.0.0,12
allocated,45.248.0.0,13
allocated,49.0.0.0,8
allocated,58.0.0.0,8
allocated,59.0.0.0,8
allocated,60.0.0.0,8
allocated,61.0.0.0,8
allocated,101.0.0.0,8
allocated,103.0.0.0,8
allocated,106.0.0.0,8
allocated,110.0.0.0,8
allocated,111.0.0.0,8
allocated,112.0.0.0,8
allocated,113.0.0.0,8
allocated,114.0.0.0,8
allocated,115.0.0.0,8
allocated,116.0.0.0,8
allocated,117.0.0.0,8
allocated,118.0.0.0,8
allocated,119.0.0.0,8
allocated,120.0.0.0,8
allocated,121.0.0.0,8
allocated,122.0.0.0,8
allocated,123.0.0.0,8
allocated,124.0.0.0,8
allocated,125.0.0.0,8
allocated,126.0.0.0,8
allocated,133.0.0.0,8
allocated,137.59.0.0,16
allocated,139.5.0.0,16
allocated,144.48.0.0,16
allocated,146.196.32.0,19
allocated,146.196.64.0,18
allocated,150.0.0.0,10
allocated,150.64.0.0,11
allocated,150.96.0.0,13
allocated,150.104.0.0,15
allocated,150.106.0.0,16
allocated,150.107.0.0,16
allocated,150.108.0.0,14
allocated,150.112.0.0,12
allocated,150.128.0.0,16
allocated,150.129.0.0,16
allocated,150.130.0.0,15
allocated,150.132.0.0,14
allocated,150.136.0.0,13
allocated,150.144.0.0,12
allocated,150.160.0.0,11
allocated,150.192.0.0,11
allocated,150.224.0.0,12
allocated,150.240.0.0,15
allocated,150.242.0.0,16
allocated,150.243.0.0,16
allocated,150.244.0.0,14
allocated,150.248.0.0,13
allocated,153.0.0.0,8
allocated,157.119.0.0,16
allocated,160.19.20.0,22
allocated,160.19.48.0,21
allocated,160.19.64.0,22
allocated,160.19.208.0,20
allocated,160.19.224.0,22
allocated,160.20.0.0,20
allocated,160.20.40.0,21
allocated,160.20.48.0,20
allocated,160.20.72.0,22
allocated,160.20.222.0,23
allocated,160.202.8.0,21
allocated,160.202.32.0,19
allocated,160.202.128.0,17
allocated,160.238.0.0,24
allocated,160.238.12.0,22
allocated,160.238.16.0,22
allocated,160.238.33.0,24
allocated,160.238.34.0,23
allocated,160.238.58.0,23
allocated,160.238.64.0,19
allocated,162.12.208.0,21
allocated,162.12.240.0,21
allocated,163.0.0.0,11
allocated,163.32.0.0,13
allocated,163.40.0.0,14
allocated,163.44.0.0,15
allocated,163.46.0.0,16
allocated,163.47.0.0,22
allocated,163.47.4.0,22
allocated,163.47.8.0,21
allocated,163.47.16.0,23
allocated,163.47.18.0,24
allocated,163.47.19.0,24
allocated,163.47.20.0,23
allocated,163.47.22.0,23
allocated,163.47.24.0,21
allocated,163.47.32.0,21
allocated,163.47.40.0,22
allocated,163.47.44.0,23
allocated,163.47.46.0,24
allocated,163.47.47.0,24
allocated,163.47.48.0,20
allocated,163.47.64.0,18
allocated,163.47.128.0,17
allocated,163.48.0.0,14
allocated,163.52.0.0,16
allocated,163.53.0.0,16
allocated,163.54.0.0,15
allocated,163.56.0.0,13
allocated,163.64.0.0,10
allocated,163.128.0.0,9
allocated,171.0.0.0,8
allocated,175.0.0.0,8
allocated,180.0.0.0,8
allocated,182.0.0.0,8
allocated,183.0.0.0,8
allocated,192.12.109.0,24
allocated,192.26.110.0,24
allocated,192.51.188.0,24
allocated,192.75.137.0,24
allocated,192.135.90.0,23
allocated,192.135.99.0,24
allocated,192.140.128.0,17
allocated,192.144.78.0,23
allocated,192.144.80.0,20
allocated,192.145.228.0,23
allocated,192.156.144.0,24
allocated,192.156.220.0,24
allocated,192.188.82.0,23
allocated,192.197.113.0,24
allocated,199.21.172.0,22
allocated,199.212.57.0,24
allocated,202.0.0.0,8
allocated,203.0.0.0,18
allocated,203.0.64.0,19
allocated,203.0.96.0,20
allocated,203.0.112.0,24
allocated,203.0.114.0,23
allocated,203.0.116.0,22
allocated,203.0.120.0,21
allocated,203.0.128.0,17
allocated,203.1.0.0,16
allocated,203.2.0.0,15
allocated,203.4.0.0,14
allocated,203.8.0.0,13
allocated,203.16.0.0,12
allocated,203.32.0.0,11
allocated,203.64.0.0,10
allocated,203.128.0.0,9
allocated,204.52.191.0,24
allocated,210.0.0.0,8
allocated,211.0.0.0,8
allocated,216.250.96.0,20
allocated,218.0.0.0,8
allocated,219.0.0.0,8
allocated,220.0.0.0,8
allocated,221.0.0.0,8
allocated,222.0.0.0,8
allocated,223.0.0.0,8
allocated,3.0.0.0,8
allocated,4.0.0.0,8
allocated,6.0.0.0,8
allocated,7.0.0.0,8
allocated,8.0.0.0,8
allocated,9.0.0.0,8
allocated,11.0.0.0,8
allocated,12.0.0.0,8
allocated,13.0.0.0,8
allocated,15.0.0.0,8
allocated,16.0.0.0,8
allocated,17.0.0.0,8
allocated,18.0.0.0,8
allocated,19.0.0.0,8
allocated,20.0.0.0,8
allocated,21.0.0.0,8
allocated,22.0.0.0,8
allocated,23.0.0.0,8
allocated,24.0.0.0,8
allocated,26.0.0.0,8
allocated,28.0.0.0,8
allocated,29.0.0.0,8
allocated,30.0.0.0,8
allocated,32.0.0.0,8
allocated,33.0.0.0,8
allocated,34.0.0.0,8
allocated,35.0.0.0,8
allocated,38.0.0.0,8
allocated,40.0.0.0,8
allocated,44.0.0.0,8
allocated,45.0.0.0,15
allocated,45.2.0.0,15
allocated,45.16.0.0,12
allocated,45.32.0.0,11
allocated,45.72.0.0,13
allocated,45.223.0.0,16
allocated,47.0.0.0,8
allocated,48.0.0.0,8
allocated,50.0.0.0,8
allocated,52.0.0.0,8
allocated,53.0.0.0,8
allocated,54.0.0.0,8
allocated,55.0.0.0,8
allocated,56.0.0.0,8
allocated,57.0.0.0,8
allocated,63.0.0.0,8
allocated,64.0.0.0,8
allocated,65.0.0.0,8
allocated,66.0.0.0,9
allocated,66.128.0.0,10
allocated,66.192.0.0,12
allocated,66.208.0.0,13
allocated,66.216.0.0,15
allocated,66.218.0.0,17
allocated,66.218.128.0,22
allocated,66.218.132.0,23
allocated,66.218.134.0,23
allocated,66.218.136.0,21
allocated,66.218.144.0,20
allocated,66.218.160.0,19
allocated,66.218.192.0,18
allocated,66.219.0.0,16
allocated,66.220.0.0,14
allocated,66.224.0.0,12
allocated,66.240.0.0,13
allocated,66.248.0.0,15
allocated,66.250.0.0,16
allocated,66.251.0.0,17
allocated,66.251.192.0,18
allocated,66.252.0.0,14
allocated,67.0.0.0,8
allocated,68.0.0.0,8
allocated,69.0.0.0,8
allocated,70.0.0.0,8
allocated,71.0.0.0,8
allocated,72.0.0.0,11
allocated,72.32.0.0,13
allocated,72.40.0.0,14
allocated,72.44.0.0,20
allocated,72.44.32.0,19
allocated,72.44.64.0,18
allocated,72.44.128.0,17
allocated,72.45.0.0,16
allocated,72.46.0.0,15
allocated,72.48.0.0,12
allocated,72.64.0.0,10
allocated,72.128.0.0,9
allocated,73.0.0.0,8
allocated,74.0.0.0,10
allocated,74.64.0.0,12
allocated,74.80.0.0,13
allocated,74.88.0.0,15
allocated,74.90.0.0,16
allocated,74.91.0.0,19
allocated,74.91.32.0,20
allocated,74.91.48.0,20
allocated,74.91.64.0,18
allocated,74.91.128.0,17
allocated,74.92.0.0,14
allocated,74.96.0.0,11
allocated,74.128.0.0,9
allocated,75.0.0.0,8
allocated,76.0.0.0,8
allocated,96.0.0.0,8
allocated,97.0.0.0,8
allocated,98.0.0.0,8
allocated,99.0.0.0,8
allocated,100.0.0.0,10
allocated,100.128.0.0,9
allocated,104.0.0.0,8
allocated,107.0.0.0,8
allocated,108.0.0.0,8
allocated,128.0.0.0,9
allocated,128.128.0.0,10
allocated,128.192.0.0,13
allocated,128.200.0.0,16
allocated,128.202.0.0,15
allocated,128.204.0.0,14
allocated,128.208.0.0,12
allocated,128.224.0.0,11
allocated,129.0.0.0,8
allocated,130.0.0.0,8
allocated,131.0.0.0,9
allocated,131.128.0.0,10
allocated,131.192.0.0,14
allocated,131.197.0.0,16
allocated,131.198.0.0,15
allocated,131.200.0.0,13
allocated,131.208.0.0,12
allocated,131.224.0.0,11
allocated,132.0.0.0,8
allocated,134.0.0.0,8
allocated,135.0.0.0,8
allocated,136.0.0.0,8
allocated,137.0.0.0,11
allocated,137.32.0.0,12
allocated,137.48.0.0,13
allocated,137.56.0.0,15
allocated,137.58.0.0,16
allocated,137.60.0.0,14
allocated,137.64.0.0,10
allocated,137.128.0.0,9
allocated,138.0.0.0,8
allocated,139.0.0.0,14
allocated,139.4.0.0,16
allocated,139.6.0.0,15
allocated,139.8.0.0,13
allocated,139.16.0.0,13
allocated,139.24.0.0,15
allocated,139.27.0.0,16
allocated,139.29.0.0,16
allocated,139.30.0.0,15
allocated,139.32.0.0,11
allocated,139.64.0.0,10
allocated,139.128.0.0,9
allocated,140.0.0.0,8
allocated,142.0.0.0,8
allocated,143.0.0.0,8
allocated,144.0.0.0,11
allocated,144.32.0.0,12
allocated,144.49.0.0,16
allocated,144.50.0.0,15
allocated,144.52.0.0,14
allocated,144.56.0.0,13
allocated,144.64.0.0,10
allocated,144.128.0.0,11
allocated,144.160.0.0,13
allocated,144.168.0.0,16
allocated,144.169.0.0,16
allocated,144.170.0.0,15
allocated,144.172.0.0,14
allocated,144.176.0.0,12
allocated,144.192.0.0,10
allocated,146.0.0.0,9
allocated,146.128.0.0,10
allocated,146.192.0.0,14
allocated,146.196.0.0,19
allocated,146.197.0.0,16
allocated,146.198.0.0,15
allocated,146.200.0.0,13
allocated,146.208.0.0,12
allocated,146.224.0.0,11
allocated,147.0.0.0,10
allocated,147.64.0.0,13
allocated,147.72.0.0,14
allocated,147.76.0.0,15
allocated,147.79.0.0,16
allocated,147.80.0.0,12
allocated,147.96.0.0,11
allocated,147.128.0.0,9
allocated,148.0.0.0,8
allocated,149.0.0.0,9
allocated,149.128.0.0,10
allocated,149.192.0.0,11
allocated,149.224.0.0,12
allocated,149.240.0.0,13
allocated,149.248.0.0,16
allocated,149.249.0.0,16
allocated,149.250.0.0,15
allocated,149.252.0.0,14
allocated,152.0.0.0,10
allocated,152.64.0.0,12
allocated,152.80.0.0,13
allocated,152.88.0.0,16
allocated,152.90.0.0,15
allocated,152.92.0.0,14
allocated,152.96.0.0,11
allocated,152.128.0.0,9
allocated,155.0.0.0,8
allocated,156.0.0.0,8
allocated,157.0.0.0,10
allocated,157.64.0.0,11
allocated,157.96.0.0,12
allocated,157.112.0.0,14
allocated,157.116.0.0,15
allocated,157.118.0.0,16
allocated,157.120.0.0,13
allocated,157.128.0.0,9
allocated,158.0.0.0,8
allocated,159.0.0.0,8
allocated,160.0.0.0,12
allocated,160.16.0.0,15
allocated,160.18.0.0,16
allocated,160.19.0.0,20
allocated,160.19.16.0,22
allocated,160.19.24.0,21
allocated,160.19.32.0,22
allocated,160.19.40.0,22
allocated,160.19.56.0,22
allocated,160.19.68.0,22
allocated,160.19.72.0,21
allocated,160.19.80.0,21
allocated,160.19.88.0,22
allocated,160.19.104.0,22
allocated,160.19.108.0,22
allocated,160.19.144.0,21
allocated,160.19.156.0,22
allocated,160.19.160.0,22
allocated,160.19.164.0,22
allocated,160.19.176.0,22
allocated,160.19.184.0,22
allocated,160.19.204.0,22
allocated,160.19.228.0,22
allocated,160.20.16.0,22
allocated,160.20.36.0,22
allocated,160.20.76.0,22
allocated,160.20.104.0,22
allocated,160.20.116.0,22
allocated,160.20.120.0,21
allocated,160.20.128.0,20
allocated,160.20.208.0,22
allocated,160.20.212.0,24
allocated,160.20.216.0,24
allocated,160.20.220.0,24
allocated,160.20.224.0,24
allocated,160.20.228.0,24
allocated,160.20.230.0,23
allocated,160.20.232.0,21
allocated,160.20.240.0,24
allocated,160.20.244.0,24
allocated,160.20.250.0,24
allocated,160.20.251.0,24
allocated,160.21.0.0,16
allocated,160.22.0.0,15
allocated,160.24.0.0,13
allocated,160.32.0.0,11
allocated,160.64.0.0,10
allocated,160.128.0.0,10
allocated,160.192.0.0,13
allocated,160.200.0.0,15
allocated,160.202.0.0,21
allocated,160.202.64.0,18
allocated,160.203.0.0,16
allocated,160.204.0.0,14
allocated,160.208.0.0,12
allocated,160.224.0.0,13
allocated,160.232.0.0,14
allocated,160.236.0.0,15
allocated,160.238.1.0,24
allocated,160.238.2.0,23
allocated,160.238.4.0,22
allocated,160.238.8.0,23
allocated,160.238.10.0,24
allocated,160.238.20.0,24
allocated,160.238.22.0,23
allocated,160.238.30.0,24
allocated,160.238.31.0,24
allocated,160.238.32.0,24
allocated,160.238.40.0,24
allocated,160.238.41.0,24
allocated,160.238.42.0,23
allocated,160.238.44.0,22
allocated,160.238.51.0,24
allocated,160.238.56.0,24
allocated,160.238.62.0,24
allocated,160.238.100.0,24
allocated,160.238.102.0,23
allocated,160.239.0.0,16
allocated,160.240.0.0,12
allocated,161.0.0.0,10
allocated,161.64.0.0,11
allocated,161.96.0.0,12
allocated,161.112.0.0,13
allocated,161.120.0.0,15
allocated,161.122.0.0,16
allocated,161.124.0.0,14
allocated,161.128.0.0,9
allocated,162.0.0.0,13
allocated,162.8.0.0,14
allocated,162.12.0.0,17
allocated,162.12.128.0,18
allocated,162.12.192.0,22
allocated,162.12.216.0,22
allocated,162.12.220.0,22
allocated,162.12.224.0,21
allocated,162.12.232.0,22
allocated,162.12.236.0,22
allocated,162.12.248.0,21
allocated,162.13.0.0,16
allocated,162.14.0.0,15
allocated,162.16.0.0,12
allocated,162.32.0.0,11
allocated,162.64.0.0,10
allocated,162.128.0.0,9
allocated,164.0.0.0,9
allocated,164.128.0.0,11
allocated,164.161.0.0,16
allocated,164.162.0.0,16
allocated,164.164.0.0,14
allocated,164.168.0.0,13
allocated,164.176.0.0,12
allocated,164.192.0.0,10
allocated,165.0.0.0,8
allocated,166.0.0.0,8
allocated,167.0.0.0,8
allocated,168.0.0.0,8
allocated,169.0.0.0,9
allocated,169.128.0.0,10
allocated,169.192.0.0,11
allocated,169.224.0.0,12
allocated,169.240.0.0,13
allocated,169.248.0.0,14
allocated,169.252.0.0,15
allocated,169.255.0.0,16
allocated,170.0.0.0,8
allocated,172.0.0.0,12
allocated,172.32.0.0,11
allocated,172.64.0.0,10
allocated,172.128.0.0,9
allocated,173.0.0.0,8
allocated,174.0.0.0,8
allocated,184.0.0.0,8
allocated,192.0.1.0,24
allocated,192.0.3.0,24
allocated,192.0.4.0,22
allocated,192.0.8.0,21
allocated,192.0.16.0,20
allocated,192.0.32.0,19
allocated,192.0.64.0,18
allocated,192.0.128.0,17
allocated,192.1.0.0,16
allocated,192.2.0.0,15
allocated,192.4.0.0,14
allocated,192.8.0.0,14
allocated,192.12.0.0,18
allocated,192.12.64.0,19
allocated,192.12.96.0,21
allocated,192.12.104.0,22
allocated,192.12.108.0,24
allocated,192.12.119.0,24
allocated,192.12.120.0,21
allocated,192.12.128.0,17
allocated,192.13.0.0,16
allocated,192.14.0.0,15
allocated,192.16.0.0,13
allocated,192.24.0.0,15
allocated,192.26.0.0,18
allocated,192.26.64.0,19
allocated,192.26.96.0,21
allocated,192.26.104.0,22
allocated,192.26.108.0,23
allocated,192.26.111.0,24
allocated,192.26.112.0,20
allocated,192.26.128.0,17
allocated,192.27.0.0,16
allocated,192.28.0.0,15
allocated,192.30.0.0,16
allocated,192.31.0.0,17
allocated,192.31.128.0,18
allocated,192.31.192.0,22
allocated,192.31.197.0,24
allocated,192.31.198.0,23
allocated,192.31.200.0,21
allocated,192.31.208.0,20
allocated,192.31.224.0,19
allocated,192.32.0.0,13
allocated,192.40.0.0,15
allocated,192.42.0.0,18
allocated,192.42.64.0,24
allocated,192.42.66.0,23
allocated,192.42.68.0,22
allocated,192.42.72.0,21
allocated,192.42.80.0,20
allocated,192.42.96.0,19
allocated,192.42.128.0,17
allocated,192.43.0.0,16
allocated,192.44.0.0,15
allocated,192.46.0.0,16
allocated,192.47.0.0,20
allocated,192.47.16.0,21
allocated,192.47.24.0,22
allocated,192.47.29.0,24
allocated,192.47.30.0,23
allocated,192.47.32.0,22
allocated,192.47.37.0,24
allocated,192.47.38.0,23
allocated,192.47.40.0,21
allocated,192.47.48.0,20
allocated,192.47.64.0,18
allocated,192.47.128.0,17
allocated,192.48.0.0,15
allocated,192.50.0.0,16
allocated,192.51.0.0,17
allocated,192.51.128.0,19
allocated,192.51.160.0,20
allocated,192.51.176.0,21
allocated,192.51.184.0,22
allocated,192.51.189.0,24
allocated,192.51.190.0,23
allocated,192.51.192.0,19
allocated,192.51.224.0,20
allocated,192.51.241.0,24
allocated,192.51.242.0,23
allocated,192.51.244.0,22
allocated,192.51.248.0,21
allocated,192.52.0.0,17
allocated,192.52.128.0,18
allocated,192.52.192.0,24
allocated,192.52.194.0,23
allocated,192.52.196.0,22
allocated,192.52.200.0,21
allocated,192.52.208.0,20
allocated,192.52.224.0,19
allocated,192.53.0.0,16
allocated,192.54.0.0,17
allocated,192.54.128.0,18
allocated,192.54.192.0,19
allocated,192.54.224.0,20
allocated,192.54.240.0,22
allocated,192.54.245.0,24
allocated,192.54.246.0,23
allocated,192.54.248.0,21
allocated,192.55.0.0,16
allocated,192.56.0.0,13
allocated,192.64.0.0,15
allocated,192.66.0.0,16
allocated,192.67.0.0,20
allocated,192.67.16.0,22
allocated,192.67.20.0,23
allocated,192.67.22.0,24
allocated,192.67.24.0,21
allocated,192.67.32.0,19
allocated,192.67.64.0,18
allocated,192.67.128.0,17
allocated,192.68.0.0,17
allocated,192.68.128.0,19
allocated,192.68.160.0,20
allocated,192.68.176.0,21
allocated,192.68.184.0,24
allocated,192.68.186.0,23
allocated,192.68.188.0,22
allocated,192.68.192.0,18
allocated,192.69.0.0,16
allocated,192.70.0.0,17
allocated,192.70.128.0,18
allocated,192.70.202.0,23
allocated,192.70.204.0,22
allocated,192.70.208.0,20
allocated,192.70.224.0,19
allocated,192.71.0.0,16
allocated,192.72.0.0,15
allocated,192.74.0.0,16
allocated,192.75.0.0,22
allocated,192.75.5.0,24
allocated,192.75.6.0,23
allocated,192.75.8.0,21
allocated,192.75.16.0,20
allocated,192.75.32.0,19
allocated,192.75.64.0,18
allocated,192.75.128.0,21
allocated,192.75.136.0,24
allocated,192.75.138.0,23
allocated,192.75.140.0,22
allocated,192.75.144.0,20
allocated,192.75.160.0,19
allocated,192.75.192.0,19
allocated,192.75.224.0,21
allocated,192.75.232.0,22
allocated,192.75.237.0,24
allocated,192.75.238.0,23
allocated,192.75.240.0,20
allocated,192.76.0.0,14
allocated,192.80.0.0,15
allocated,192.82.0.0,16
allocated,192.83.0.0,17
allocated,192.83.128.0,18
allocated,192.83.192.0,21
allocated,192.83.200.0,22
allocated,192.83.204.0,23
allocated,192.83.206.0,24
allocated,192.83.217.0,24
allocated,192.83.218.0,23
allocated,192.83.220.0,22
allocated,192.83.224.0,19
allocated,192.84.0.0,14
allocated,192.88.0.0,18
allocated,192.88.64.0,19
allocated,192.88.96.0,23
allocated,192.88.98.0,24
allocated,192.88.100.0,22
allocated,192.88.104.0,21
allocated,192.88.112.0,20
allocated,192.88.128.0,17
allocated,192.89.0.0,16
allocated,192.90.0.0,16
allocated,192.91.0.0,17
allocated,192.91.128.0,18
allocated,192.91.192.0,21
allocated,192.91.201.0,24
allocated,192.91.202.0,23
allocated,192.91.204.0,22
allocated,192.91.208.0,20
allocated,192.91.224.0,20
allocated,192.91.240.0,21
allocated,192.91.248.0,22
allocated,192.91.252.0,23
allocated,192.91.255.0,24
allocated,192.92.0.0,17
allocated,192.92.128.0,20
allocated,192.92.144.0,21
allocated,192.92.152.0,23
allocated,192.92.155.0,24
allocated,192.92.156.0,22
allocated,192.92.160.0,19
allocated,192.92.192.0,18
allocated,192.93.0.0,16
allocated,192.94.0.0,18
allocated,192.94.64.0,21
allocated,192.94.72.0,22
allocated,192.94.76.0,24
allocated,192.94.77.0,24
allocated,192.94.79.0,24
allocated,192.94.80.0,20
allocated,192.94.96.0,19
allocated,192.94.128.0,17
allocated,192.95.0.0,16
allocated,192.96.0.0,13
allocated,192.104.0.0,15
allocated,192.106.0.0,16
allocated,192.107.0.0,24
allocated,192.107.1.0,24
allocated,192.107.2.0,23
allocated,192.107.4.0,22
allocated,192.107.8.0,21
allocated,192.107.16.0,20
allocated,192.107.32.0,19
allocated,192.107.64.0,18
allocated,192.107.128.0,17
allocated,192.108.0.0,14
allocated,192.112.0.0,12
allocated,192.128.0.0,14
allocated,192.132.0.0,16
allocated,192.133.0.0,18
allocated,192.133.64.0,19
allocated,192.133.96.0,22
allocated,192.133.100.0,23
allocated,192.133.102.0,24
allocated,192.133.103.0,24
allocated,192.133.104.0,21
allocated,192.133.112.0,20
allocated,192.133.128.0,17
allocated,192.134.0.0,16
allocated,192.135.0.0,18
allocated,192.135.64.0,20
allocated,192.135.80.0,21
allocated,192.135.88.0,23
allocated,192.135.92.0,23
allocated,192.135.94.0,24
allocated,192.135.96.0,23
allocated,192.135.98.0,24
allocated,192.135.101.0,24
allocated,192.135.102.0,23
allocated,192.135.104.0,21
allocated,192.135.112.0,20
allocated,192.135.128.0,19
allocated,192.135.160.0,20
allocated,192.135.176.0,21
allocated,192.135.184.0,24
allocated,192.135.186.0,23
allocated,192.135.188.0,22
allocated,192.135.192.0,18
allocated,192.136.0.0,14
allocated,192.140.0.0,24
allocated,192.140.4.0,22
allocated,192.144.74.0,24
allocated,192.144.76.0,23
allocated,192.144.128.0,17
allocated,192.145.231.0,24
allocated,192.145.232.0,21
allocated,192.145.240.0,20
allocated,192.146.0.0,16
allocated,192.147.0.0,21
allocated,192.147.8.0,23
allocated,192.147.10.0,24
allocated,192.147.11.0,24
allocated,192.147.12.0,22
allocated,192.147.16.0,20
allocated,192.147.32.0,19
allocated,192.147.64.0,18
allocated,192.147.128.0,17
allocated,192.148.0.0,14
allocated,192.152.0.0,16
allocated,192.153.0.0,21
allocated,192.153.8.0,22
allocated,192.153.13.0,24
allocated,192.153.14.0,23
allocated,192.153.16.0,20
allocated,192.153.32.0,19
allocated,192.153.64.0,18
allocated,192.153.128.0,17
allocated,192.154.0.0,15
allocated,192.156.0.0,17
allocated,192.156.128.0,20
allocated,192.156.145.0,24
allocated,192.156.146.0,23
allocated,192.156.148.0,22
allocated,192.156.152.0,21
allocated,192.156.160.0,19
allocated,192.156.192.0,21
allocated,192.156.200.0,23
allocated,192.156.202.0,24
allocated,192.156.203.0,24
allocated,192.156.204.0,22
allocated,192.156.208.0,21
allocated,192.156.216.0,22
allocated,192.156.221.0,24
allocated,192.156.222.0,23
allocated,192.156.224.0,19
allocated,192.157.0.0,16
allocated,192.158.0.0,15
allocated,192.160.0.0,13
allocated,192.169.0.0,16
allocated,192.170.0.0,15
allocated,192.172.0.0,17
allocated,192.172.128.0,18
allocated,192.172.192.0,19
allocated,192.172.224.0,21
allocated,192.172.233.0,24
allocated,192.172.234.0,23
allocated,192.172.236.0,22
allocated,192.172.240.0,22
allocated,192.172.244.0,24
allocated,192.172.245.0,24
allocated,192.172.246.0,23
allocated,192.172.248.0,21
allocated,192.173.0.0,16
allocated,192.174.0.0,16
allocated,192.175.0.0,19
allocated,192.175.32.0,20
allocated,192.175.49.0,24
allocated,192.175.50.0,23
allocated,192.175.52.0,22
allocated,192.175.56.0,21
allocated,192.175.64.0,18
allocated,192.175.128.0,17
allocated,192.176.0.0,13
allocated,192.184.0.0,14
allocated,192.188.0.0,18
allocated,192.188.64.0,20
allocated,192.188.80.0,24
allocated,192.188.81.0,24
allocated,192.188.84.0,22
allocated,192.188.88.0,21
allocated,192.188.96.0,19
allocated,192.188.128.0,18
allocated,192.188.192.0,19
allocated,192.188.224.0,20
allocated,192.188.240.0,21
allocated,192.188.249.0,24
allocated,192.188.250.0,23
allocated,192.188.252.0,22
allocated,192.189.0.0,16
allocated,192.190.0.0,15
allocated,192.192.0.0,14
allocated,192.196.0.0,16
allocated,192.197.0.0,18
allocated,192.197.64.0,19
allocated,192.197.96.0,20
allocated,192.197.112.0,24
allocated,192.197.114.0,23
allocated,192.197.116.0,22
allocated,192.197.120.0,21
allocated,192.197.128.0,17
allocated,192.198.0.0,15
allocated,192.200.0.0,13
allocated,192.208.0.0,12
allocated,192.224.0.0,14
allocated,192.228.0.0,15
allocated,192.230.0.0,16
allocated,192.231.0.0,17
allocated,192.231.128.0,18
allocated,192.231.192.0,19
allocated,192.231.224.0,21
allocated,192.231.232.0,22
allocated,192.231.236.0,23
allocated,192.231.238.0,24
allocated,192.231.239.0,24
allocated,192.231.240.0,20
allocated,192.232.0.0,13
allocated,192.240.0.0,13
allocated,192.248.0.0,15
allocated,192.250.0.0,16
allocated,192.251.0.0,17
allocated,192.251.128.0,18
allocated,192.251.192.0,19
allocated,192.251.224.0,22
allocated,192.251.228.0,23
allocated,192.251.231.0,24
allocated,192.251.232.0,21
allocated,192.251.240.0,20
allocated,192.252.0.0,14
allocated,198.0.0.0,12
allocated,198.16.0.0,16
allocated,198.17.0.0,18
allocated,198.17.64.0,21
allocated,198.17.72.0,22
allocated,198.17.76.0,23
allocated,198.17.78.0,24
allocated,198.17.79.0,24
allocated,198.17.80.0,20
allocated,198.17.96.0,19
allocated,198.17.128.0,17
allocated,198.20.0.0,14
allocated,198.24.0.0,13
allocated,198.32.0.0,12
allocated,198.48.0.0,15
allocated,198.50.0.0,16
allocated,198.51.0.0,18
allocated,198.51.64.0,19
allocated,198.51.96.0,22
allocated,198.51.101.0,24
allocated,198.51.102.0,23
allocated,198.51.104.0,21
allocated,198.51.112.0,20
allocated,198.51.128.0,17
allocated,198.52.0.0,14
allocated,198.56.0.0,13
allocated,198.64.0.0,11
allocated,198.96.0.0,16
allocated,198.97.0.0,19
allocated,198.97.32.0,22
allocated,198.97.36.0,23
allocated,198.97.39.0,24
allocated,198.97.40.0,21
allocated,198.97.48.0,20
allocated,198.97.64.0,18
allocated,198.97.128.0,17
allocated,198.98.0.0,15
allocated,198.100.0.0,14
allocated,198.104.0.0,13
allocated,198.112.0.0,12
allocated,198.128.0.0,9
allocated,199.0.0.0,12
allocated,199.16.0.0,14
allocated,199.20.0.0,16
allocated,199.21.0.0,17
allocated,199.21.128.0,19
allocated,199.21.160.0,21
allocated,199.21.168.0,22
allocated,199.21.176.0,20
allocated,199.21.192.0,18
allocated,199.22.0.0,15
allocated,199.24.0.0,13
allocated,199.32.0.0,11
allocated,199.64.0.0,10
allocated,199.128.0.0,10
allocated,199.192.0.0,12
allocated,199.208.0.0,14
allocated,199.212.0.0,19
allocated,199.212.32.0,20
allocated,199.212.48.0,21
allocated,199.212.56.0,24
allocated,199.212.58.0,23
allocated,199.212.60.0,22
allocated,199.212.64.0,18
allocated,199.212.128.0,17
allocated,199.213.0.0,16
allocated,199.214.0.0,15
allocated,199.216.0.0,13
allocated,199.224.0.0,11
allocated,204.0.0.0,13
allocated,204.8.0.0,17
allocated,204.8.128.0,18
allocated,204.8.192.0,21
allocated,204.8.200.0,22
allocated,204.8.208.0,20
allocated,204.8.224.0,19
allocated,204.9.0.0,16
allocated,204.10.0.0,16
allocated,204.11.4.0,22
allocated,204.11.8.0,21
allocated,204.11.16.0,20
allocated,204.11.32.0,19
allocated,204.11.64.0,18
allocated,204.11.128.0,17
allocated,204.12.0.0,14
allocated,204.16.0.0,12
allocated,204.32.0.0,12
allocated,204.48.0.0,19
allocated,204.48.34.0,23
allocated,204.48.36.0,22
allocated,204.48.40.0,21
allocated,204.48.48.0,20
allocated,204.48.64.0,18
allocated,204.48.128.0,17
allocated,204.49.0.0,16
allocated,204.50.0.0,15
allocated,204.52.0.0,17
allocated,204.52.128.0,19
allocated,204.52.160.0,20
allocated,204.52.176.0,21
allocated,204.52.184.0,22
allocated,204.52.188.0,23
allocated,204.52.190.0,24
allocated,204.52.192.0,18
allocated,204.53.0.0,16
allocated,204.54.0.0,15
allocated,204.56.0.0,13
allocated,204.64.0.0,10
allocated,204.128.0.0,10
allocated,204.192.0.0,11
allocated,204.224.0.0,16
allocated,204.225.0.0,19
allocated,204.225.32.0,21
allocated,204.225.40.0,23
allocated,204.225.44.0,22
allocated,204.225.48.0,20
allocated,204.225.64.0,18
allocated,204.225.128.0,17
allocated,204.226.0.0,15
allocated,204.228.0.0,14
allocated,204.232.0.0,13
allocated,204.240.0.0,12
allocated,205.0.0.0,9
allocated,205.128.0.0,10
allocated,205.192.0.0,12
allocated,205.208.0.0,15
allocated,205.210.0.0,16
allocated,205.211.0.0,18
allocated,205.211.64.0,20
allocated,205.211.80.0,23
allocated,205.211.82.0,24
allocated,205.211.84.0,22
allocated,205.211.88.0,21
allocated,205.211.96.0,19
allocated,205.211.128.0,17
allocated,205.212.0.0,14
allocated,205.216.0.0,13
allocated,205.224.0.0,11
allocated,206.0.0.0,8
allocated,207.0.0.0,10
allocated,207.64.0.0,11
allocated,207.96.0.0,12
allocated,207.112.0.0,15
allocated,207.114.0.0,16
allocated,207.115.0.0,18
allocated,207.115.64.0,19
allocated,207.115.96.0,20
allocated,207.115.112.0,20
allocated,207.115.128.0,17
allocated,207.116.0.0,14
allocated,207.120.0.0,13
allocated,207.128.0.0,9
allocated,208.0.0.0,10
allocated,208.64.0.0,13
allocated,208.72.0.0,16
allocated,208.73.0.0,17
allocated,208.73.128.0,18
allocated,208.73.192.0,19
allocated,208.73.224.0,20
allocated,208.73.240.0,22
allocated,208.73.244.0,22
allocated,208.73.248.0,21
allocated,208.74.0.0,15
allocated,208.76.0.0,14
allocated,208.80.0.0,14
allocated,208.84.0.0,16
allocated,208.85.0.0,17
allocated,208.85.128.0,20
allocated,208.85.144.0,21
allocated,208.85.152.0,22
allocated,208.85.160.0,19
allocated,208.85.192.0,18
allocated,208.86.0.0,15
allocated,208.88.0.0,13
allocated,208.96.0.0,11
allocated,208.128.0.0,9
allocated,209.0.0.0,10
allocated,209.64.0.0,11
allocated,209.96.0.0,13
allocated,209.104.0.0,15
allocated,209.106.0.0,16
allocated,209.107.0.0,17
allocated,209.107.128.0,18
allocated,209.107.192.0,18
allocated,209.108.0.0,14
allocated,209.112.0.0,12
allocated,209.128.0.0,9
allocated,214.0.0.0,8
allocated,215.0.0.0,8
allocated,216.0.0.0,10
allocated,216.64.0.0,11
allocated,216.96.0.0,15
allocated,216.98.0.0,17
allocated,216.98.128.0,18
allocated,216.98.192.0,20
allocated,216.98.224.0,19
allocated,216.99.0.0,16
allocated,216.100.0.0,14
allocated,216.104.0.0,13
allocated,216.112.0.0,12
allocated,216.128.0.0,10
allocated,216.192.0.0,11
allocated,216.224.0.0,12
allocated,216.240.0.0,13
allocated,216.248.0.0,15
allocated,216.250.0.0,18
allocated,216.250.64.0,19
allocated,216.250.112.0,20
allocated,216.250.128.0,17
allocated,216.251.0.0,16
allocated,216.252.0.0,14
allocated,45.4.0.0,14
allocated,45.65.128.0,17
allocated,45.68.0.0,14
allocated,45.160.0.0,11
allocated,45.224.0.0,12
allocated,72.44.16.0,20
allocated,128.201.0.0,16
allocated,131.196.0.0,16
allocated,160.19.44.0,22
allocated,160.19.168.0,21
allocated,160.19.200.0,22
allocated,160.19.240.0,20
allocated,160.20.20.0,22
allocated,160.20.32.0,22
allocated,160.20.64.0,21
allocated,160.20.80.0,20
allocated,160.20.160.0,19
allocated,160.20.192.0,20
allocated,160.20.218.0,23
allocated,160.20.225.0,24
allocated,160.20.242.0,23
allocated,160.20.246.0,23
allocated,160.238.24.0,22
allocated,160.238.28.0,23
allocated,160.238.63.0,24
allocated,160.238.104.0,21
allocated,160.238.128.0,17
allocated,162.12.196.0,22
allocated,164.163.0.0,16
allocated,177.0.0.0,8
allocated,179.0.0.0,8
allocated,181.0.0.0,8
allocated,186.0.0.0,8
allocated,187.0.0.0,8
allocated,189.0.0.0,8
allocated,190.0.0.0,8
allocated,191.0.0.0,8
allocated,192.12.112.0,22
allocated,192.12.118.0,24
allocated,192.67.23.0,24
allocated,192.68.185.0,24
allocated,192.75.4.0,24
allocated,192.83.207.0,24
allocated,192.91.254.0,24
allocated,192.92.154.0,24
allocated,192.135.95.0,24
allocated,192.135.185.0,24
allocated,192.140.1.0,24
allocated,192.140.8.0,21
allocated,192.140.16.0,20
allocated,192.140.32.0,19
allocated,192.140.64.0,18
allocated,192.141.0.0,16
allocated,192.144.64.0,21
allocated,192.144.72.0,23
allocated,192.144.96.0,19
allocated,192.145.192.0,19
allocated,192.153.12.0,24
allocated,198.97.38.0,24
allocated,200.0.0.0,8
allocated,201.0.0.0,8
allocated,204.225.42.0,23
allocated,216.98.208.0,20
allocated,2.0.0.0,8
allocated,5.0.0.0,8
allocated,25.0.0.0,8
allocated,31.0.0.0,8
allocated,37.0.0.0,8
allocated,45.8.0.0,13
allocated,45.65.64.0,18
allocated,45.66.0.0,15
allocated,45.80.0.0,12
allocated,45.128.0.0,11
allocated,46.0.0.0,8
allocated,51.0.0.0,8
allocated,62.0.0.0,8
allocated,77.0.0.0,8
allocated,78.0.0.0,8
allocated,79.0.0.0,8
allocated,80.0.0.0,8
allocated,81.0.0.0,8
allocated,82.0.0.0,8
allocated,83.0.0.0,8
allocated,84.0.0.0,8
allocated,85.0.0.0,8
allocated,86.0.0.0,8
allocated,87.0.0.0,8
allocated,88.0.0.0,8
allocated,89.0.0.0,8
allocated,90.0.0.0,8
allocated,91.0.0.0,8
allocated,92.0.0.0,8
allocated,93.0.0.0,8
allocated,94.0.0.0,8
allocated,95.0.0.0,8
allocated,109.0.0.0,8
allocated,139.28.0.0,16
allocated,141.0.0.0,8
allocated,145.0.0.0,8
allocated,147.78.0.0,16
allocated,151.0.0.0,8
allocated,152.89.0.0,16
allocated,160.19.92.0,22
allocated,160.19.180.0,22
allocated,160.20.96.0,21
allocated,160.20.108.0,22
allocated,160.20.144.0,20
allocated,160.20.214.0,23
allocated,160.20.229.0,24
allocated,160.20.248.0,23
allocated,160.202.16.0,20
allocated,160.238.21.0,24
allocated,160.238.36.0,22
allocated,160.238.52.0,22
allocated,160.238.60.0,23
allocated,160.238.96.0,22
allocated,160.238.112.0,20
allocated,162.12.200.0,21
allocated,176.0.0.0,8
allocated,178.0.0.0,8
allocated,185.0.0.0,8
allocated,188.0.0.0,8
allocated,192.42.65.0,24
allocated,192.54.244.0,24
allocated,192.70.192.0,21
allocated,192.83.216.0,24
allocated,192.94.78.0,24
allocated,192.135.100.0,24
allocated,192.140.2.0,23
allocated,192.144.0.0,18
allocated,192.144.75.0,24
allocated,192.145.0.0,17
allocated,192.145.224.0,22
allocated,192.172.232.0,24
allocated,192.188.248.0,24
allocated,192.251.230.0,24
allocated,193.0.0.0,8
allocated,194.0.0.0,8
allocated,195.0.0.0,8
allocated,204.11.0.0,22
allocated,204.48.32.0,23
allocated,205.211.83.0,24
allocated,212.0.0.0,8
allocated,213.0.0.0,8
allocated,217.0.0.0,8
available,102.192.0.0,12
available,102.208.0.0,14
available,102.212.0.0,18
available,102.212.64.0,20
available,102.212.80.0,21
available,102.212.116.0,22
available,102.212.120.0,21
available,102.212.162.0,23
available,102.212.196.0,22
available,102.212.200.0,21
available,102.212.208.0,20
available,102.212.244.0,22
available,102.213.68.0,22
available,102.213.72.0,21
available,102.213.108.0,22
available,102.213.112.0,20
available,102.213.176.0,20
available,102.213.192.0,20
available,102.214.68.0,22
available,156.0.199.0,24
available,160.20.241.0,24
available,160.20.245.0,24
available,192.47.28.0,24
available,196.61.4.0,22
